Ultimate EUW Challenger Ornn OTP Matchups Sheet,,,,,
Makkro Ornn ONLY Coaching -> https://mfy.gg/@makkro OR DM ME ON DISCORD Makkro0 #1691,"""Im updating the bible on a daily basis because I use it myself"" - Makkro, The Messiah of Ornn","Written by Makkro
",Makkro Twitter,,
I stream ORNN HERE  https://www.twitch.tv/makkro0,My discord incase you guys have questions https://discord.gg/tzWjU7MUum,Youtube Channel mostly stream highlights and guides CLICK HERE For Youtube,My Ornn MOBAFIRE IN DEPTH Guide most of the stuff is covered in the sheet but it has some useful tricks too CLICK THIS For Other Tips,All High Elo EUW Accounts,
Items                                                                      Tank items require adapting to the enemy comp as much as possible. Always build towards the biggest threat to you and your team while matching the strength to match the enemy top laner as well. Build optimally so youre strong  at all times and not delaying your build because games end quickly so try to keep yourself and your team alive until you get objectives and start winning fights. ,"Mythics > When and Why?
Radiant Virtue: Very good mythic for Ornn and teamfighting and good team play I build this the most rn. GO RADIANT BEST TANK ITEM IN THE GAME DONT GO JAKSHO                                              Hearsteel: This is propably only good for low elo snowballing if youre already 10x better than the enemy laner, usually you wanna pair this with Doran's Shield > Bamis Cinder > Then you go Heartsteel > Sunfire > Thornmail > Abyssal for MAXIMUM Damage                                                                    Jaksho, The Protean: Solid Ornn Item with good stats BUT RADIANT IS STILL BETTER                                    Iceborn Gauntlet: Very Bad                                         Evenshroud: Very good and very cheap very nice when youre too broke for Radiant Virtue  same thing for Locket the only difference is you build evenshroud for damage and ARMOR/MR for yourself and Locket for team tankiness and ARMOR/MR for them.","Boots
Steelcaps: build when enemy is full AD very rarely tho most of the time Ionians And Swifties are top tier boots
Merc's: build into 3 ap+ users and heavy CC Comps
Sorcerer's Shoes: build vs heavy tanky comps but it's not needed if your team has enough damage.
Ionian Boots: Build when Swifties are bad Ionian boots and swifties should be your main boots
Boots of Swiftness: Good vs slows and some matchups like Sion, Mundo, Illaoi, Malphite
Mobility Boots: When you need to run it down mid","Armour                                     
Sunfire Aegis > Into most bruisers its pretty damn good stats Thornmail: into bruisers and/or need to cut healing
Force of Nature:  into mages and AP heavy champs or if enemy has a lot of hard CC and DOT's (Damage over time spells)
Anathema's Chains: to stop enemy top or ADC from carrying
Warmog's Armour: When you can get in and out of fights easily not good vs poke
Frozen Heart: Into fast champs with quick attack speeds
Winter's Approach: VS boring tank or proxy matchups eg. Garen,Poppy etc.
Abyssal Mask: For Ornn decent because the components but its a little expensive and less tanky then gargoyle when it comes to raw stats so               Gargoyle Stoneplate: Build into teams that have a lot of mixed damage second or third item. REALLY GOOD on Ornn due to his passive                                                                                                                                                                 Knights Vow, Zekes Covergence, Redemption: Build when you have a hypercarry comp like a jinx, vayne setup so you keep the carry alive                                                                                                              Spirit Visage: When you have a yummi or soraka EGIRL with you  Anathema's Chains: Good if they have only 1 AP or AD threat ","4th Items > adapt to comps
Randuin's Omen > Into Crit 
Knight's Vow > To protect your squishy damage dealers
Frozen Heart > To slow enemy fast attackers

Frozen Heart does not counter Master Yi or Olaf or Jhin or affect them in any way shape or form because they can ignore all types of slows with their ults including attack speed slows. Vs Master Yi Instead build Randuin's Omen vs. Crit Build and Thornmail vs On-hit Build. Any immunity that functions the same as Master Yi and Olaf ignores Frozen Heart. Jhin doesnt get his AD reduced from Frozen Heart because it slows attack speed and his attack speed converts into AD but it doesnt work just go randuins vs Jhin.",
Secret Ornn Tips                                                    #1 Use your passive as bait to trade with the enemy top laner                                                                   #2 Use your Q like an Anivia Wall to Zone in fights and not for 70 damage or a slow                                                                                       #3 Build HP items in lane when youre at a high % of health because the higher hp you are the more value you get out of the health item for example if youre at 50% hp a ruby crystal will only give 75 HP so potion and wait until the full duration of the potion goes through THEN buy the HP item.                                                                                       #4 Dont forget to use terrain other than Q for knockups in teamfights                                                               #5 Never fight a lost teamfight save yourself and let the team die if the fight is lost                                                                                                                                                                                                                  #7 Get to level 13 ASAP and 14>17 are your upgrades so use them on the most compotent player you have on your team                                                                                                                         #8 You can use R1 E R2  Together so you basically use your E to gap close to your R2 so you can cast it faster and closer                                                                                                               ,"Masterwork Upgrade Priority 
S Tier Enchanter Items Lyandrie  And Kraken are S+ (The rest of adc and mage items are meh)                                                                                                                                                                                                                                                                                         
A Tier Lethality/Magic Penetration items
B Tier Mage Items/ADC Items
C Tier Bruiser Items 
D Tier Tank Items Except Radiant Virtue its A+ Tier 
E Tier Tank Support Items",My Permaban: I LOVE FIORA I LOVE FIORA I LOVE FIORA  I LOVE FIORA I LOVE FIORA I LOVE FIORA  I LOVE FIORA I LOVE FIORA I LOVE FIORA  I LOVE FIORA I LOVE FIORA I LOVE FIORA  I LOVE FIORA I LOVE FIORA I LOVE FIORA  I LOVE FIORA I LOVE FIORA I LOVE TRUE DAMAGE I LOVE TRUE DAMAGE I LOVE TRUE DAMAGE I LOVE TRUE I LOVE TRUE DAMAGE I LOVE TRUE DAMAGE I LOVE TRUE DAMAGE I LOVE TRUE DAMAGE I LOVE TRUE DAMAGE I LOVE TRUE DAMAGE  I LOVE TRUE DAMAGE I LOVE TRUE DAMAGE I LOVE TRUE DAMAGE I LOVE TRUE I LOVE TRUE DAMAGE I LOVE TRUE DAMAGE I LOVE TRUE DAMAGE I LOVE TRUE DAMAGE I LOVE TRUE DAMAGE I LOVE TRUE DAMAGE I LOVE TRUE I LOVE TRUE DAMAGE  I LOVE TRUE I LOVE TRUE DAMAGE  I LOVE FIORA  I LOVE FIORA I LOVE FIORA I LOVE FIORA  I LOVE FIORA I LOVE FIORA I LOVE FIORA  I LOVE FIORA I LOVE FIORA I LOVE FIORA  I LOVE FIORA I LOVE FIORA I LOVE FIORA  I LOVE FIORA I LOVE FIORA I LOVE FIORA  I LOVE FIORA I LOVE FIORA I LOVE FIORA  I LOVE FIORA I LOVE FIORA I LOVE FIORA  I LOVE FIORA I LOVE FIORA I LOVE FIORA  I LOVE FIORA I LOVE FIORA I LOVE FIORA  I LOVE FIORA I LOVE FIORA I LOVE FIORA  I LOVE FIORA I LOVE FIORA I LOVE FIORA  I LOVE FIORA I LOVE FIORA I LOVE FIORA  I LOVE FIORA I LOVE FIORA I LOVE FIORA  I LOVE FIORA I LOVE FIORA I LOVE FIORA  I LOVE FIORA I LOVE FIORA I LOVE FIORA  I LOVE FIORA I LOVE FIORA I LOVE FIORA  I LOVE FIORA I LOVE FIORA I LOVE FIORA  I LOVE TRUE DAMAGE I LOVE TRUE I LOVE TRUE DAMAGE I LOVE TRUE DAMAGE I LOVE TRUE DAMAGE I LOVE TRUE DAMAGE I LOVE TRUE DAMAGE I LOVE TRUE DAMAGE I LOVE TRUE I LOVE TRUE DAMAGE I LOVE TRUE DAMAGE I LOVE TRUE DAMAGE I LOVE TRUE DAMAGE I LOVE TRUE DAMAGE I LOVE TRUE DAMAGE I LOVE TRUE I LOVE TRUE DAMAGE I LOVE TRUE DAMAGE I LOVE TRUE DAMAGE I LOVE TRUE DAMAGE I LOVE TRUE DAMAGE I LOVE TRUE DAMAGE I LOVE TRUE I LOVE TRUE DAMAGE I LOVE TRUE DAMAGE I LOVE TRUE DAMAGE I LOVE TRUE DAMAGE I LOVE TRUE DAMAGE I LOVE TRUE DAMAGE I LOVE TRUE I LOVE TRUE DAMAGE I LOVE TRUE DAMAGE I LOVE TRUE DAMAGE I LOVE TRUE DAMAGE I LOVE TRUE DAMAGE I LOVE TRUE DAMAGE I LOVE TRUE I LOVE TRUE DAMAGE I LOVE TRUE DAMAGE I LOVE TRUE DAMAGE I LOVE TRUE DAMAGE I LOVE TRUE DAMAGEI LOVE TRUE DAMAGE I LOVE TRUE I LOVE TRUE DAMAGE I LOVE TRUE DAMAGE I LOVE TRUE DAMAGE I LOVE TRUE DAMAGE I LOVE TRUE DAMAGE I LOVE TRUE DAMAGE I LOVE TRUE I LOVE TRUE DAMAGE I LOVE TRUE DAMAGE I LOVE TRUE DAMAGE I LOVE TRUE DAMAGE I LOVE TRUE DAMAGE I LOVE TRUE DAMAGE I LOVE TRUE I LOVE TRUE DAMAGE I LOVE TRUE DAMAGE I LOVE TRUE DAMAGE I LOVE TRUE DAMAGE I LOVE TRUE DAMAGE I LOVE TRUE DAMAGE I LOVE TRUE I LOVE TRUE DAMAGE I LOVE TRUE DAMAGE I LOVE TRUE DAMAGE I LOVE TRUE DAMAGE I LOVE TRUE DAMAGE I LOVE TRUE DAMAGE I LOVE TRUE I LOVE TRUE DAMAGE I LOVE TRUE DAMAGE I LOVE TRUE DAMAGE I LOVE TRUE DAMAGE I LOVE TRUE DAMAGE I LOVE TRUE DAMAGE I LOVE TRUE I LOVE TRUE DAMAGE I LOVE TRUE DAMAGE I LOVE TRUE DAMAGE I LOVE TRUE DAMAGE I LOVE TRUE DAMAGE I LOVE TRUE DAMAGE I LOVE TRUE I LOVE TRUE DAMAGE I LOVE TRUE DAMAGE I LOVE TRUE DAMAGE I LOVE TRUE DAMAGE I LOVE TRUE DAMAGE I LOVE FIORA I LOVE FIORA  I LOVE FIORA I LOVE FIORA I LOVE FIORA  I LOVE FIORA I LOVE FIORA I LOVE FIORA  I LOVE FIORA I LOVE FIORA I LOVE FIORA  I LOVE FIORA I LOVE FIORA I LOVE FIORA  I LOVE FIORA I LOVE FIORA I LOVE FIORA  I LOVE FIORA I LOVE FIORA I LOVE FIORA  I LOVE FIORA I LOVE FIORA I LOVE FIORA  I LOVE FIORA I LOVE FIORA I LOVE FIORA  I LOVE FIORA  I LOVE FIORA I LOVE FIORA  I LOVE FIORA I LOVE FIORA I LOVE FIORA  I LOVE FIORA I LOVE FIORA I LOVE FIORA  I LOVE FIORA I LOVE FIORA I LOVE FIORA  I LOVE FIORA I LOVE FIORA I LOVE FIORA  I LOVE FIORA I LOVE FIORA I LOVE FIORA  I LOVE FIORA I LOVE FIORA I LOVE FIORA  I LOVE FIORA I LOVE FIORA I LOVE FIORA  I LOVE FIORA I LOVE FIORA I LOVE FIORA  I LOVE FIORA  I LOVE FIORA I LOVE FIORA  I LOVE FIORA I LOVE FIORA I LOVE FIORA  I LOVE FIORA I LOVE FIORA I LOVE FIORA  I LOVE FIORA I LOVE FIORA I LOVE FIORA  I LOVE FIORA I LOVE FIORA I LOVE FIORA  I LOVE FIORA I LOVE FIORA I LOVE FIORA  I LOVE FIORA I LOVE FIORA I LOVE FIORA  I LOVE FIORA I LOVE FIORA I LOVE FIORA  I LOVE FIORA I LOVE FIORA I LOVE FIORA  I LOVE FIORA ,,"Post level 6:
Pretty much all of ornn matchups after 6 go like this: if hit q then ult instantly and e and put them in a true combo and beat the fuck out of them with your tripple brittle combo. Be wary of enemy junglers at all times you ARE ORNN and will BE WEAKSIDE a lot so prepare your mind and body for the lane of pain and suffering. You powerspike at level 6 and when you max your W rank and at level 13>17 when you get your Mythic Upgrades with bonus stats. FYI Resistances are the best stat on Ornn.",Must learn Q R E R Auto W auto Combo
100+ Matchups A>Z,Win | Lose | Skill | Even | Spell Order Max | Summoner Spells ,Runes | High Elo = D4+ Low Elo = Anything below D4,Starting Item > 1st buy > 2nd Buy Build | Please read: Mythics this season can vary between Radiant Virtue and Radiant depending on game state. If the game looks like your team is exploding you go Radiant kind of like a Locket for tank top laners if the game looks like youll just need to frontline you go Radiant Virtue 99% of the time its Radiant Virtue. Sell bamis when you start teamfighting or need third item to complete all stats otherwise keep it and finish Sunfire Aegis.,Difficulty,Comments
If you see anything wrong with the matchups sheet or want Ornn Coaching or any other questions my discord is Makkro0 #1691                        The matchups are sorted alphabetically from A to Z and contain every champion in this stoopid childrens video game YES it did take VERY LONG but its good and I use it aswell on a daily basis.,"Ability Leveling
W > E > Q: Into bruiser melees or if the enemy top seems to have really good movement and dodges your Qs
3 Points Q > W > E > Finish Q So you basically only put 3 points into Q and proceed to max W and then E and finish Q when youre level 17/18 because theres no more value in maxing Q past 3 Points              1 Adaptive Force when leveling Q: Into squishy ranged champs, squishy melees, or lanes where you need to stay safe and poke.                                                    Max W first if the enemy is dodging your Q's easily and have unpredictable movements.                                                           Never E Max First. Always max E second because it gives really good wave clear and damage and more CC compared to Q max second                                                                        Take Flash TP Into ALL Matchups ","Grasp: Into Melee Matchups                                                                    Phase Rush into Hard Melee matchups Like: Olaf, Darius
Unsealed Spellbook: Into Most Ranged and Certain Melee Matchups                                                                                               Glacial Augment: Into Kennen thats it.                                                                                                                                                                                                                    PLEASE READ: If you are smurfing and want to 1v9 Take these Items For Low Elo Stomping Snowballing 1v9 Include: Sunfire Abyssal Thornmail for MAX Damage Mythic is Radiant always
                                                                                                                  Tiny Rune Shards: Attack Speed 2 Defenses: matchups where you're autoing a lot
AD 2 Defenses: Matchups where you're spamming Q vs dangerous long range or melee lanes                                                                        Ability Haste + 2 Defenses -> Lame boring lanes","PLEASE READ ALL OF THIS BELOW 

Buy Sweeper/Farsight Alteration at lvl 9 to help clearing vision and frontline and clearing vision for team if ahead/even and scouting if behind with blue trinket. 

On first back, Always buy a Refillable Potion and Control Ward on first back to be safe from ganks. Executioner into AP Healers and Champions that ignore you by not auto attacking in fights. Buy Bramble Vest vs AD Healers/Auto Attackers. Wardens If they auto a lot and dont heal that much. Turn the wardens into A: Frozen Heart if theyre auto attacker B: Randuins if they crit.. FROZEN HEART/RANDUINS/THORNMAIL/SUNFIRE AEGIS GOOD FIRST ITEM VS AD LANERS. GO Bamis Cinder INTO MELEES, CAN SKIP IT IF THEYRE MELEES THAT YOU CANT FIGHT IN LONG TRADES, SKIP IT ALWAYS INTO RANGED MATCHUPS. Sit on Magical Footwear DONT BUY BOOTS UNTIL 3 ITEMS OR IF YOURE ALREADY TANKY ENOUGH. WARNING ABOUT ABYSSAL RUSH ONLY GO IT WHEN THEY HAVE 2 AP TOP/JGL or TOP/MID and a low damage tank JGL otherwise build Radiant Virtue and for more MR build GARGOYLE. THE MATCHUP SHEET IS JUST A SUGGESTION OF WHATS MOST OPTIMAL INTO THE MATCHUP IN AN ISOLATED SITUTATION ALWAYS THINK ABOUT THE ENEMY TEAM THREATS. Most of the time you wont need to rush Abyssal and Gargoyle will provide WAYYYY more tankiness so keep that in mind",How hard is the Matchup to learn is measured in this diffculty column. Some difficulties might change over time because riot like to shift top laners strength over time but it should be about right.,Some insights into how to play the matchup and general special interactions that you might not notice. Some comments might be outdated so if you have questions either look at my accounts or ask me on discord. The general idea of most Ornn matchups is poke them down with Q > W > E until they are low enough for you to do the sacred Triple Brittle Combo. Make sure they have no dashes left when doing this combo or else they will dodge the E. The Combo is Q > R > E > R > Auto > W > Auto. You can throw another auto in to make it optimal like this Q > R > E > Auto > R > Auto > W > Auto but thats not for begginers and highly inconsistent so stick to the one above. So again you poke and poke until theyre low enough to full combo and you build towards your spikes and teamfight around level 12-14.   My OPGGS >> All My High Elo Accounts 
Aatrox,Lose | W > E > Q | ,"Resolve: Grasp, Demolish, Second Wind, Overgrowth
Inspiration: Boots, Biscuits
Attack Speed, Double Armor    ",Doran's Shield > Bramble > Wardens Mail > Radiant Virtue,Hard,"Combo him, sidestep his w or just facetank it and trade with him and walk forward everytime he does 1st q and walk away when he 2nd Qs don't try to walk back in it UNLESS you're sure about reading the E dash. Try to all in when you have 2 Items Spike you're stronger than him at that point. Make sure you healcut him in Teamfights and EZ Win. KILL HIM AT ALL COST KILL KILLL. This matchup is really hard and you must rely on poking him down slowly when hes aboout 60% HP or 50% HP. At that point you can maybe kill him but if hes higher than that keep poking with Q W and E away from his Qs and combos."
Ahri,Skill | 3 Points into Q > W > E > Finish Q,"Inspiration: Spellbook, Magical Footwear, Biscuits, Cosmic Insight
Resolve: Unflinching, Second Wind
AD, 2 MR",Doran's Shield > Null Magic Mantle > Radiant Virtue > Gargoyle If 2 AP Or Force of Nature > Radiant Virtue if they have 3 AP  ,Medium,PLAY SAFE EARLY DODGE POKE. HOLD ULT IF SHE HAS ULT You can W the charm but it wont get rid of it. Her Return Q does true damage so make sure to dodge it. If you bait her ult look for Triple Brittle Combo
Akali,Skill  | W > E > Q |  ,"Resolve: Grasp, Demolish, Second Wind, Overgrowth
Inspiration: Magical Footwear, Biscuits
Attack Speed, Double MR",Doran's Shield > Bami's Cinder > Null Magic Mantle > Radient Virute > Gargoyle if 2 AP or Bami's Cinder > Force Of Nature > Radiant Virtue if 3 AP  ,Hard,So you wanna bully her as much as you can lvl 1>5 with you are stronger than her with grasp as soon as she walks up to cs you auto and run her down as for the lvl 6 if you catch her with a Q your combo (Q>R>E>R>Auto>W>Auto) should insta kill her or just win the lane for you because it is a true combo if she is away from your e just back off and keep farming. You never want her to Q and auto you because that gives her energy back just let her Q and you run away and bully her when she procs it on minions
Akshan,Skill | 3 Points into Q > W > E > Finish Q,"Inspiration: Spellbook, Magical Footwear, Biscuits, Cosmic Insight
Resolve: Overgrowth, Second Wind
AD,Double  Armor",Doran's Shield > Frozen Heart > Radiant Virtue,Medium,"Dont stay near walls and walk away from him when he has his passive stacks up. Wait for his shield to drop before damaging him and fight him at 6 by doing q r e r w combo when he goes for cs or just straight up ult him to win the trade hard. Don't use Ult Straight Up when he has E up because he can just E away so be wary of the CD,"
Alistar,Win | W > E > Q,"Resolve: Grasp, Demolish, Second Wind, Overgrowth
Inspiration: Biscuits, Magical Footwear
Attack Speed, Armor, MR",Bami's Cinder > Null Magic Mantle > Radient Virute > Gargoyle if 2 AP or Bami's Cinder > Force Of Nature > Radiant Virtue if 3 AP  ,Easy,Dont let him push you into tower and youre fine just trade with grasp
Anivia,Even | 3 Points into Q > W > E > Finish Q,"Inspiration: Spellbook, Magical Footwear, Biscuits, Cosmic Insight
Resolve: Unflinching, Second Wind
1 Adaptive Force, 2 MR",Doran's Shield > Null Magic Mantle > Radiant Virtue > Gargoyle If 2 AP Or Force of Nature > Radiant Virtue if they have 3 AP  ,Medium,Dont get E'd by her when youre slowed. Your E can Destroy her wall and knockup people because it counts as terrain. All In her at 6 with jungle and free kill.
Annie,Win | 3 Points Q > W > E > Finish Q,"Inspiration: Spellbook, Magical Footwear, Biscuits, Cosmic Insight
Resolve: Overgrowth, Second Wind
1 Adaptive Force, 2 MR",Doran's Shield > Null Magic Mantle > Radiant Virtue > Gargoyle If 2 AP Or Force of Nature > Radiant Virtue if they have 3 AP  ,Easy,"Poke Her down and all in with ult. Care for her 4 stack stun it can interrupt your R, Wait out her shield"
Aphelios,Skill | 3 Points into Q > W > E > Q,"Inspiration: Spellbook, Magical Footwear, Biscuits, Cosmic Insight
Resolve: Overgrowth, Second Wind
AD, 2 Armor",Doran's Shield > Frozen Heart > Radiant Virtue,Medium,Red gun heals Purple Roots Light blue Sniper White is a lot of damage up close. Punish him from range and try to combo him with high armor
Aurelion Sol,Win | W > E > Q,"Resolve: Grasp, Demolish, Second Wind, Overgrowth
Inspiration: Biscuits, Magical Footwear
Attack Speed, 2 Magic Resist",Doran's Shield > Force Of Nature > Radiant Virtue,Easy,Stay inside him like a Darius Matchup and bully him hes weak in melee.
Azir,Skill Azir Favoured |  3 Points Q > W > E > Finish Q,"Inspiration: Spellbook, Magical Footwear, Biscuits, Cosmic Insight
Resolve: Overgrowth, Second Wind
1 Adaptive Force, 2 Magic Resist",Doran's Shield >  Null Magic Mante > Radiant Virtue > Gargoyle if 2 AP Or Force of Nature > Radiant Virtue if they have 3 AP  ,HARD,He has very heavy poke stay away from soldiers. You Can E his Ult to knockup or W to avoid his knockback
Bard,Skill | W > E > Q,"Resolve: Grasp, Demolish, Second Wind, Unflinching
Domination: Cheap Shot, Ultimate Hunter
Attack Speed, Armor, HP",Doran's Shield > Bamis Cinder > Boots Of Swiftness > Radiant Virtue,Easy,You can W Bard Ult but all youre gonna do is roam after 6 when you have ult up and perma push and shove waves until then. Try to get picks with ult and dont stay near walls or minions bard can stun you with Q
Bel'veth,Win | W > E > Q,"Resolve: Grasp, Demolish, Boner Plating, Overgrowth
Inspiration: Biscuits, Magical Footwear
Attack Speed, Double Armor",Doran's Shield > Bamis Cinder > Bramble > Sunfire > Radiant Virtue,Medium,W her W. Wait out her dashes she has a lot of them trade only with grasp and Q until she uses all of them or when she is mid animation. CC'ing her E stops her damage and healing but not the damage reduction
Brand,Win | 3 Points Q > W > E > Finish Q,"Inspiration: Spellbook, Magical Footwear, Biscuits, Cosmic Insight
Resolve: Unflinching, Second Wind
1 Adaptive Force, 2 Magic Resist",Doran's Shield > Negatron Cloak Into Radiant Virtue Into Force of Nature ,Easy,"Dont let him proc his passive on you, stay behind minons and wait his cooldowns"
Caitlyn,Skill |  3 Points Q > W > E > Finish Q,"Inspiration: Spellbook, Magical Footwear, Biscuits, Cosmic Insight
Resolve: Overgrowth, Second Wind
1 Adaptive Force, 2 Armor",Doran' Shield > Wardens Mail > Radiant Virtue > Finish Randuins when she builds Crit,Easy,Dont step on her traps and side step her Q and E. Her ult can be blocked by other champions. Try to triple brittle combo her after baiting her E with an engage. DO NOT E UNLESS HER E IS DOWN
"Camille
",Lose After Divine Skill Before Divine | W > E > Q ,"Resolve: Grasp, Demolish, Second Wind, Unflinching Inspiration: Biscuits, Magical Footwear
Attack Speed, 2 Armor",Doran's Shield > Bami's Cinder > Sunfire > Finish Bramble when she gets Divine > Radiant Virtue > Swifties,Hard,"You just wanna let her shove and farm her poke isn't that strong when you have Doran's Shield she won't even tickle your hp with her w and runaway trades. Watch out for her using e from your pillar and if she doesn't get fed you should just win  fights later on if your team plays accordingly but pretty much all of ornn matchups after 6 go like this: if hit q then ult instantly and e and put them in a true combo and beat the fuck out of them. Bait Her Ult with yours but do not cast R2, instead make her follow you and let her get run over by R1 and instantly auto to proc the brittle. Poke her down with W spam and if her shield is magical keep auto attacking if its physical either W her and proc brittle or run away if you dont have a brittle its too big to destroy with autos and Q > E."
Cassiopiea,Lose | 3 Points Q > W > E > Finish Q,"Inspiration: Spellbook, Magical Footwear, Biscuits, Cosmic Insight
Resolve: Overgrowth, Second Wind
1 Adaptive Force, 2 MR",Doran's Shield > Force Of Nature > Radiant Virtue ,Hard,Her whole kit counters yours with her grounded you can't move nor cast your E. Try to poke her and dodge her Q. Don't let her perma spam E on you because she can after she either hits Q or W. When you Ult look away from her when the ram comes because she will try to either Ground or Stun you with her R.
Cho'Gath,Skill | W > E > Q,"Resolve: Grasp, Demolish, Second Wind, Unflinching
Inspiration: Biscuits, Magical Footwear
Attack Speed, 2 MR",Doran's Shield > Bami's Cinder > Null Magic Mantle > Radient Virute > Gargoyle if 2 AP or Bami's Cinder > Force Of Nature > Radiant Virtue if 3 AP  ,Medium,You both scale really hard but cho'gath does fuck you up with his silence so you can't properly combo him so either ult and just let it go through and auto attack with the brittle or just walk away and wait for the ram it's like a second w and then w his q that's how your fights lvl 6 should go.If cho'gath fucks up his w timing well great just ult him
Corki,Win | 3 Points into Q > W > E > Finish Q,"Inspiration: Spellbook, Magical Footwear, Biscuits, Cosmic Insight
Resolve: Overgrowth, Second Wind
AD, Magic Resist, Armor",Doran's Shield >  Null Magic Mante > Radiant Virtue > Gargoyle if 2 AP Or Force of Nature > Radiant Virtue if they have 3 AP  ,Medium,Boring farm matchup. Blow his W and look for all in with Ult.
Darius,Lose | 3 Points into Q > W > E > Finish Maxing Q | ,"Sorcery: Phase Rush, Manaflow, Transendence, Scorch                     Inspiration: Cookie, Boots
AD, 2 Armor",Doran's Shield > Bami's Cinder > Wardens Mail > Sunfire > Radiant Virtue,Medium ,I personally love this matchup it's very fun. As all darius matchups let the wave push to you and you can begin comboing him after lvl 3 you gotta q w and e away that's your bread and butter or when he's chasing you or just melee range w his e so you deny his E Q guaranteed heal. You outscale him so it's not a problem if you don't try to fight him
Diana,Win | W > E > Q,"Resolve: Grasp, Demolish, Second Wind, Overgrowth
Inspiration: Biscuits, Magical Footwear
Attack Speed, Double MR ",Doran's Shield > Bami's Cinder > Null Magic Mantle > Radient Virute > Gargoyle if 2 AP or Bami's Cinder > Force Of Nature > Radiant Virtue if 3 AP  ,Easy,Wait out her W shield it refreshes once she gets all orbs rehit. Look for tripple brittle combo. Her E can dodge your W she appears behind you
Doctor Mundo,Skill | W > E > Q ,"Resolve: Grasp, Demolish, Second Wind, Overgrowth
Inspiration: Cookies, Boots
Attack Speed, Armor, MR ",Doran's Shield > Bami's Cinder > Executioner > Sunfire > Radiant Virtue ,Medium,Just farm and punish him when he goes for cs you're much stronger lvl 1>5 after that it's tough to kill him
Draven ,Skill | W > E > Q,"Inspiration: Spellbook, Magical Footwear, Biscuits, Cosmic Insight
Resolve: Overgrowth, Second Wind
AD, 2 Armor",Doran's Shield > Frozen Heart > Radiant Virtue,Hard,His E can cancell your E and R2 so be careful of that and his strong level 1.
Ekko,Skill | W > E > Q,"Resolve: Grasp, Demolish, Second Wind, Unflinching
Inspiration: Biscuits, Cosmic Insight
Attack Speed, Double Magic Resist",Doran's Shield > Bami's Cinder > Null Magic Mantle > Radient Virute > Gargoyle if 2 AP or Bami's Cinder > Force Of Nature > Radiant Virtue if 3 AP  ,Medium,Just dont get hit by his third attack
Fiora,"Lose | If Fiora player is bad go W > E > Q, if she is good take 3 points Q > Back to W > E > Q | Flash TP | ","Inspiration: Spellbook, Magical Footwear, Biscuits, Cosmic Insight
Resolve: Overgrowth, Second Wind
Attack Speed, Double Armor",Doran's Shield > Bramble > Frozen Heart > Radiant Virtue,Should have banned it,"Have to know fiora Q range so you can bait her into wasting Q. You can reset vitals, but make sure you're not giving up exp to do so. Your objective this lane is not to kill her, you want to survive and look for kills with Jungle help. You can farm from range with Q and W. You can bait out Fiora's W by applying brittle on her and cancelling your auto. Once her W is on cooldown (24 seconds cd rank 1). You can kill her with Ignite from spellbook. Do not let Fiora farm platings on you, look to clear the wave when it crashes. LET HER HAVE THE PUSH YOU CANNOT PLAY IF YOU'RE PUSHING."
Fizz,Even |  W > E > Q | ,"Resolve: Grasp, Demolish, Second Wind, Overgrowth
Inspiration: Biscuits, Magical Footwear
Attack Speed > MR > HP",Doran's Shield > Bami's Cinder > Null Magic Mantle > Radient Virute > Gargoyle if 2 AP or Bami's Cinder > Force Of Nature > Radiant Virtue if 3 AP  ,Easy,Get prio with grasp you can W his ult knockup. E away as soon as he E's to damage you or all ins with ult.
Galio,Win | W > E > Q,"Resolve: Grasp, Demolish, Second Wind, Overgrowth
Inspiration: Biscuits, Magical Footwear
Attack Speed, Double MR",Doran's Shield > Null Magic Mantle > Radiant Virtue > Gargoyle If 2 AP Or Force of Nature > Radiant Virtue if they have 3 AP  ,Easy,W his E and poke him down. Ping his level 6 Roams and you free scale
Gangplank,Skill GP Favoured | 3 Points Q > W > E > Q | ,"Inspiration: Spellbook, Magical Footwear, Biscuits, Cosmic Insight
Resolve: Overgrowth, Second Wind
AD, Armor, HP",Doran's Shield  > Anathema > Radiant Virtue > Gargoyle ,Medium,Don't get hit too much from his q hide in bushes and make sure your Doran's Shield passive regen stays up the whole time won't eat his q endlessly. Farm until you can q and combo him into oblivion or just farm and scale you won't really have much kill potential against a gangplank who knows the matchup
Garen,Even | W > E > Q | ,"Resolve: Grasp, Demolish, Bone Plating, Overgrowth
Inspiration: Cookies, Boots
Attack Speed, Armor, HP",Doran's Shield > Bami's Cinder > Sunfire > Radiant Virtue > Gargoyle,Easy,Bully level 1 with grasp and Q > W him on repeat. Make sure to drop his passive with your W never let him regen and poke him down continously until he DIES. Careful for his Q E combo kite him away when he does it with your Q and Dash away with E. Watch out for his Ignite + Ult it kills very quickly when youre 40% HP and lower recall when you reach that much HP. 
"Gnar
",Skill | W > E > Q,"Inspiration: Spellbook, Magical Footwear, Biscuits, Cosmic Insight
Resolve: Unflinching, Second Wind
Ability Haste, 2 Armor Runes",Doran's Shield > Wardens Mail > Ruby Crystal > Frozen Heart > Radiant Virtue,Medium ,"Your W can deny his ult. BE careful from his poke and look to punish when he uses E. Sidestep his Q when he throws it and comes back, dont let him get the three auto W on you."
Gragas,Skill | W > E > Q,"Resolve: Grasp, Demolish, Second Wind, Unflinching 
Inspiration: Biscuits, Magical Footwear
Attack Speed, Double Magic Resist",Doran's Shield > Bami's Cinder > Null Magic Mantle > Radiant Virtue > Gargoyle if 2 AP Or Doran's Shield > Bamis Cinder > Force of Nature > Radiant Virtue if they have 3 AP  ,Easy,W his e and if he has it up don't engage he cancel it and run away. This matchup is just a farm fest buy cull and chill. Also wait for him to use his q and then brittle because if he holds his q he doesn't get the damage
Graves,Skill | W > E > Q ,"Resolve: Grasp, Demolish, Second Wind, Overgrowth
Inspiration: Magical Footwear, Biscuits
Attack Speed, Double Armor",Doran's Shield > Wardens Mail > Ruby Crystal > Frozen Heart > Radiant Virtue ,Above Medium,Don't let him push you in and trade a lot with Dorans Shield and second wind. Stay behind minions and stay away from walls he will q you.
Gwen,Lose | W > E > Q ,"Resolve: Grasp, Demolish, Second Wind, Overgrowth
Inspiration: Cookie, Magical Footwear                                       Attack Speed, MR, HP",Doran's Shield > Null Magic Mantle > Radient Virtue > Gargoyle if 2 AP or Force of Nature > Radiant Virtue if they have 3 AP   | Build Executioner when you can afford to,Hard,Dangerous lvl 1 focus on short trades and sidestepping her q dont w when her stacks are full because she will melt you. Dueling her after 1st item is almost impossible due to her insane damage but shes useless in teamfights so you just focus on team fighting and pushing the wave and roaming. The champion is way overtuned 
Hecarim,Skill | W > E > Q,"Resolve: Grasp, Demolish, Second Wind, Overgrowth
Inspiration: Biscuits, Magical Footwear
Attack Speed > Double Armor",Doran's Shield > Bami's Cinder > Bramble Vest > Sunfire > Radiant Virtue,Medium,W his E dont let him W you near a lot of minions it heals a lot and back off when his Q is stacked
Heimerdinger,Skill | 3 Points into Q > W > E > Finish Q,"Inspiration: Spellbook, Magical Footwear, Biscuits, Cosmic Insight
Resolve: Unflinching, Second Wind
1 Adaptive Force, 2 MR",Doran's Shield > Negatron Cloak Into Radiant Virtue Into Force of Nature ,Medium,He will perma push just farm til 6 and wait for your jungler or full all in him
Illaoi,Lose Lane Win Game Don't die / Dodge nobody plays Illaoi you're not gonna play against her in the next lobby | W > E > Q  ,"Resolve: Grasp, Demolish, Second Wind, Overgrowth
Inspiration: Biscuits, Magical Footwear
Attack Speed, Double Armor                                                          ",Doran's Shield > Executioner > Anathema > Radiant Virtue ,Medium Annoying ,"Fight her level 1-3. Stay behind minions and poke her with q and e then walk back to the wave if you w she es you and wins the trade also her ult doesn't make your brittle proc so watch out for that, Always be sidestepping and if you run out of her outer E stand still and wait for tentacle to spawn but dont kill it let it hit twice so it doesn't spawn another one and sidestep it,"
Irelia,Skill | W > E > Q | ,"Resolve: Grasp, Demolish, Bone Plating, Unflinching
Inspiration: Biscuits, Magical Footwear
Attack Speed, Double Armor",Doran's Shield > Wardens > Bramble > Radiant Virtue ,Hard,Try to dodge her e or w it and bully the fuck out of her lvl 1 and back off into tower when she has 4 stacks if she's good you just perma farm or all in her at lvl 7
Ivern,Win | W > E > Q,"Inspiration: Spellbook, Magical Footwear, Biscuits, Cosmic Insight
Resolve: Overgrowth, Second Wind
Attack Speed, MR. HP",Doran's Shield >  Null Magic Mante > Radiant Virtue > Gargoyle if 2 AP Or Force of Nature > Radiant Virtue if they have 3 AP  ,Easy,Triple Brittle Combo him and farm ez lane
Janna ,As soon as you get 6 roam and ult mid | W > E > Q,"Resolve: Grasp, Demolish, Second Wind, Overgrowth
Domination: Cheap Shot, Ultimate Hunter
Attack Speed, Armor, HP",Bamis Cinder > Boots of Swiftness > Radiant Virtue,Hard,Perma Roam after 6 everytime you have ult up and try to get picks on the map with it.
Jarvan,Skill | W > E > Q,"Resolve: Grasp, Demolish, Second Wind, Overgrowth
Inspiration: Biscuits, Magical Footwear
Attack Speed, Double Armor",Doran's Shield > Wardens Mail > Sunfire > Radiant Virtue,Easy,W his E Q combo. YOur E can break his Ult so use it as free knockup
Jax,Skill | W > E > Q ,"Resolve: Grasp, Demolish, Bone Plating, Overgrowth
Inspiration: Biscuits, Cosmic Insight
Ability Haste, 2 Armor ",Doran's Shield > Wardens > Boots > Bramble > Radiant Virtue ,Hard,"Stand near walls for E knockup and play around his E cooldown. Kite him away at all times his Q is 8S cd your dash is 14S. Always E away if he jumps you and youre not near walls to run away.
"
Jayce,Skill | 3 Points into Q > W > E > > Finish Q | ,"Inspiration: Spellbook, Magical Footwear, Biscuits, Cosmic Insight
Resolve: Overgrowth, Second Wind
AD, 2 Armor",Doran's Shield > Wardens Mail > Kindlegem > Aegis > Radiant Virtue,Hard,He will try to phase rush and do short combos but to be honest you win by just not dying and you're stronger than him but spam out your qs as fast as you can when he engages he will run away with e+ phase rush so just q w ult him to win the trade and give up prio lvl 1
Jhin,Skill |  Q > W > E > Finish Q,"Inspiration: Spellbook, Magical Footwear, Biscuits, Cosmic Insight
Resolve: Unflinching, Second Wind
1 Adaptive Force , 2 Armor",Doran's Shield > Wardens Mail > Radiant Virtue > Finish Randuins when he builds crit skip Radiant Virtue if he builds crit faster,Easy,Sidestep his W and dont stay near HP minions because his Q bounces and deals more damage for each minion killed and then itll bounce on to you. Keep your distance and you should be fine.
Jinx,Skill | 3 Points into Q > W > E > Finish Q,"Inspiration: Spellbook, Magical Footwear, Biscuits, Cosmic Insight
Resolve: Overgrowth, Second Wind
1 Adaptive Force, Armor",Doran's Shield > Frozen Heart > Radiant Virtue,Easy,Her E can stop your R2 so watch out for that and poke her down.
K'sante,Lose | W > E > Q | ,"Resolve: Grasp, Demolish, Second Wind, Unflinching
Inspiration: Cookies, Boots
Attack Speed, 2 Armor",Doran's Shield > Bamis Cinder > Wardens Mail > Sunfire > If ahead otherwise go Frozen Heart if behind,Very Hard,Poke with W his W is unstoppable can deny ult and brittles damage.
Kaisa,Win | 3 Points into Q > W > E ,"Inspiration: Spellbook, Magical Footwear, Biscuits, Cosmic Insight
Resolve: Overgrowth, Second Wind
AD, Magic Resist, Armor",Doran's Shield > Wardens Mail > Kindlegem > Frozen Heart > Radiant Virtue,Easy,Stay Behind minions let her push in and throw Q at her. She will use her ult to dodge yours so walk away when you ult.
Kalista,Skill |  3 Points into  Q > W > E,"Inspiration: Spellbook, Magical Footwear, Biscuits, Cosmic Insight
Resolve: Unflinching, Second Wind
AD, 2 Armor Runes",Doran's Shield > Wardens Mail > Frozen Heart > Radiant Virtue,Medium,Very cheesy lane just wait til  level 6
Karma,Even |  3 Points into Q> W > E > Q,"Inspiration: Spellbook, Magical Footwear, Biscuits, Cosmic Insight
Resolve: Unflinching, Second Wind
AD, Double MR",Doran's Shield > Null Magic Mantle > Radient Virtue > Gargoyle if 2 AP or Force of Nature > Radiant Virtue if they have 3 AP  ,Easy,Just Farm
Karthus,Skill |  3 Points into Q > W > E,"Resolve: Grasp, Demolish, Second Wind, Overgrowth
Inspiration: Biscuits, Magical Footwear
Attack Speed, AD, MR",Doran's Shield > Bamis Cinder > Negatron Cloak Into Radiant Virtue Into Force of Nature   ,Medium,Sidestep his Q's and be careful lvl 1
Kassadin,Even |  5 Points into Q > W > E ,"Resolve: Grasp, Demolish, Second Wind, Overgrowth
Inspiration: Biscuits, Magical Footwear
Attack Speed, AD, MR",Doran's Shield > Bami's Cinder > Null Magic Mantle > Radiant Virtue > Gargoyle if 2 AP or Force of Nature > Radiant Virtue if they have 3 AP  ,Easy , Just spam Q and try to bully him with your grasp autos and Q
Katarina,Skill | W > E > Q,"Resolve: Grasp, Demolish, Second Wind, Overgrowth
Inspiration: Biscuits, Magical Footwear
Attack Speed, Armor, Magic Resist",Doran's Shield > Bami's Cinder > Null Magic Mantle > Radient Virute > Gargoyle if 2 AP or Bami's Cinder > Force Of Nature > Radiant Virtue if 3 AP  ,Medium,"Dont stay near her daggers punish when she uses E without her daggers since it will be on cooldown just wait for her to trade with you and keep her in lane and CC her in teamfights,"
Kayle,Skill |  3 Points into Q > W > E | ,"Sorcery: Arcane Cummet, Manaflow Band, Transendence, Scorch                                                         Inspiration: Cookies, Boots
AD, Armor, MR",Doran's BLADE IF YOURE A MAN or Doran's Shield > Radiant Virtue ,Medium,Force an all in at lvl 6 your ult has lower cd then hers and wait out until you can proc brittle
Kayn,Win | W > E > Q,"Resolve: Grasp, Demolish, Second Wind, Overgrowth
Inspiration: Cookies, Magical Footwear
Attack Speed, 2 Armor",Doran's Shield > Sunfire > Radiant Virtue,Easy,You can W darkin Kayn W and E the wall when hes using his E inside walls. Hold your ult if he has his unless you catch him in a triple brittle combo because he cant escape that since its full CC and he cant press R in it.
Kennen,Even | 3 Points Q > W > E > Finish Q | Exhaust TP,"Inspiration: Glacial Augment, Magical Footwear, Biscuits, Cosmic Insight
Resolve: Unflinching, Second Wind
AD, Armor, MR",Doran's Shield > Null Magic Mantle > Radiant Virtue > Gargoyle If 2 AP Or Force of Nature > Radiant Virtue if they have 3 AP  ,Medium,"Stayin bushes and farm with q look for short trades q and e and walk away. Try to bait his E after 6 and when its down punish with your ult combo or just straight up ult him, don't let kennen hit you with all 3 electric balls or he stuns you keep that in mind when you try to ult him. Don't let him hit you with his electric shuriken it will shine you will know,"
Kled,Skill | W > E > Q,"Resolve: Grasp, Demolish, Second Wind, Overgrowth
Inspiration: Biscuits, Magical Footwear
Attack Speed, Double Armor",Doran's Shield > Wardens Mail > Sunfire > Radiant Virtue,Medium,Your lvl 1 is stronger dont give prio when he qs and connects keep fighting and get all the damage you can and dismounted mode will be up when your cooldowns are down you won't have enough damage. Focus on sidestepping his e q.
LeBlanc,Skill |  3 Points into Q > W > E > Finish Q,"Inspiration: Spellbook, Magical Footwear, Biscuits, Cosmic Insight
Resolve: Overgrowth, Second Wind
1 Adaptive Force, 2 MR",Doran's Shield > Null Magic Mantle > Radiant Virtue > Gargoyle If 2 AP Or Force of Nature > Radiant Virtue if they have 3 AP  ,Medium,E away from her E dont let her proc Her Q it will do a lot of damage
Lee Sin,Skill | W > E > Q,"Resolve: Grasp, Demolish, Second Wind, Overgrowth
Inspiration: Biscuits, Magical Footwear
Attack Speed, Double Armor",Doran's Shield > Bami's Cinder > Sunfire > Radiant Virtue,Medium,Fight behind minions do deny his Q. Save W to deny his R after 6 you will know he's casting because it will root you first. Don't trade too much level 1 if he starts E since it does Magic Damage. Slowly Poke him down
Lilia,Skill | W > E > Q,"Resolve: Grasp, Demolish, Second Wind, Overgrowth
Inspiration: Biscuits, Magical Footwear
Attack Speed, 2 MR                                                                         ",Doran's Shield > Bami's Cinder > Null Magic Mantle > Radiant Virtue > Gargoyle if 2 AP or Force of Nature > Radiant Virtue if they have 3 AP  ,Hard,Save your brittle to deny her W if you can pre>6. After that save it to deny her ult but you have to use it at the last second. Trade right next to her so she doesnt get more damage from outer Q. Sidestep her E and you should be fine
Lissandra,Even | W > E > Q,"Inspiration: Spellbook, Magical Footwear, Biscuits, Cosmic Insight
Resolve: Unflinching, Second Wind
1 Adaptive Force, 2 MR",Doran's Shield > Null Magic Mantle > Radiant Virtue > Gargoyle If 2 AP Or Force of Nature > Radiant Virtue if they have 3 AP  ,Easy,Sidestep her Q's and poke her with Q W combos. Interrupt her when shes casting E
Lucian,Skill |  3 Points into Q > W > E > Finish Q,"Inspiration: Spellbook, Magical Footwear, Biscuits, Cosmic Insight
Resolve: Overgrowth, Second Wind
1 Adaptive Force, 2 Armor",Doran's Shield > Wardens Mail > Frozen Heart > Radiant Virtue ,Medium ,Wait until he uses his e forward then you flash all in him and hope for the best his lvl 1 is very strong so you fight lvl 6 and if you fight earlier make sure to keep the trades short
Lulu,Skill |  3 Points into Q > W > E > Finish Q,"Inspiration: Spellbook, Magical Footwear, Biscuits, Cosmic Insight
Resolve: Unflinching, Second Wind
Attack Speed, 2 MR",Doran's Shield > Null Magic Mantle > Radiant Virtue > Gargoyle If 2 AP Or Force of Nature > Radiant Virtue if they have 3 AP  ,Medium,Walk away when you ult She Can polymorph you and not allow you to cast or ult herself and knock you up
Lux,Skill |  3 Points into  Q > W > E > Finish Q,"Inspiration: Spellbook, Magical Footwear, Biscuits, Cosmic Insight
Resolve: Unflinching, Second Wind
1 Adaptive Force, 2 MR",Doran's Shield > Null Magic Mantle > Radiant Virtue > Gargoyle If 2 AP Or Force of Nature > Radiant Virtue if they have 3 AP  ,Easy,All in her at 6. E away from her Q and poke her with your Q. Dont allow her to proc her passive from her autos
Malphite,Win | W > E > Q,"Resolve: Grasp, Demolish, Second Wind, Unflinching
Inspiration: Biscuits, Magical Footwear
Attack Speed, Double MR",Doran's Shield > Bami's Cinder > Null Magic Mantle > Radiant Virtue > Gargoyle if 2 AP or Force of Nature > Radiant Virtue if they have 3 AP  ,Easy,"Easy matchup just farm and murder him, you can W his R, dont let his passive come back up"
Malzahar,Even | W > E > Q,"Inspiration: Spellbook, Magical Footwear, Biscuits, Cosmic Insight
Resolve: Unflinching, Second Wind
1 Adaptive Force, 2 MR",Doran's Shield > Negatron Cloak > Ruby Crystal > Aegis > Ruby Crystal > Force Of Nature > Radiant Virtue,Easy,Dont stay near low HP minions or you get space AIDS. Poke and farm
Maokai,Even | W > E > Q | ,"Resolve: Grasp, Demolish, Second Wind, Unflinching
Inspiration: Biscuits, Magical Footwear
Attack Speed, MR, HP",Doran's Shield > Bami's Cinder > Null Magic Mantle > Radiant Virtue > Gargoyle if 2 AP or Force of Nature > Radiant Virtue if they have 3 AP  ,Easy,Just beat the shit out of him and outscale 
Master Yi,Win | W > E > Q,"Resolve: Grasp, Demolish, Bone Plating, Overgrowth
Inspiration: Cookies, Magical Footwear
Attack Speed, 2 Armor",Doran's Shield > Wardens > Bramble Vest > Thornmail > Radiant Virtue,Easy,Dont let him Q your ult and CC his W and you should be fine
Mordekaiser,Skill Lose After 6 If Morde is Good | W > E > Q | ,"Resolve: Grasp, Demolish, Second Wind, Overgrowth 
Inspiration: Biscuits, Magical Footwear
Attack Speed, Double MR                                                                                               ",Doran's Shield > Force of Nature or Anathema If hes solo AP or straight Radient into Gargoyle if they have 2 AP > Radiant Virtue,Medium,You win pre 6 and there's one trick to this matchup when you ult he's gonna try to ult you right well you can just not press ult and press w instead you deny him his r and you have the advantage of doing damage with both abilities 2>0 and he has a brittle proc or walk away until the ram catches up and your trades before lvl 5 should look something like q e auto run away he's gonna E and you w back at him and auto and you keep running.
Morgana,Even |  3 Points into Q > W > E > Finish Q,"Inspiration: Spellbook, Magical Footwear, Biscuits, Cosmic Insight
Resolve: Overgrowth, Second Wind
AD, MR, HP",Doran's Shield > Null Magic Mantle > Radiant Virtue > Gargoyle If 2 AP Or Force of Nature > Radiant Virtue if they have 3 AP  ,Easy,Farm dont try to touch her with W just Q only.
Nasus,Skill Lose After 6 | 3 Points Into Q > W > E > Finish Q | ,"Sorcery: Arcane Cummet, Manaflow Band, Transendence, Scorch                                                         Inspiration: Cookies, Boots
Attack Speed, AD, HP",Long Sword Refillable > Executioner > Frozen Heart > Radiant Virtue,Medium,This is a wave management lane. If you push too deep he gets free farm and you lose if you freeze and use spells to break freeze you lose. Try your best to fuck him up early as much as possible don't let him free farm and keep wave on your side and make sure the spells hit as little of the wave as possible. Don't let him turn into a monster and watch out for his level 6 sheen power spike. Just repeat Q W E until hes low to kill.
Nautilius,Win | W >  E > Q,"Resolve: Grasp, Demolish, Second Wind, Unflinching
Inspiration: Biscuits, Magical Footwear
Attack Speed, MR, HP",Doran's Shield > Bami's Cinder > Null Magic Mantle > Radiant Virtue > Gargoyle if 2 AP or Force of Nature > Radiant Virtue if they have 3 AP  ,Easy,
Neeko,Lose |  3 Points into Q > W > E,"Inspiration: Spellbook, Magical Footwear, Biscuits, Cosmic Insight
Resolve: Unflinching, Second Wind
Attack Speed, Double MR",Doran's Shield > Null Magic Mantle > Radiant Virtue > Gargoyle If 2 AP Or Force of Nature > Radiant Virtue if they have 3 AP  ,Hard,Very strong poke dont stay in front of minions very annoying matchup try looking for all ins with your q. Always dash away when she casts her root your dash will not get interrupted
Nidalee,Skill |  3 Points into Q > W > E > Finish Q,"Inspiration: Spellbook, Magical Footwear, Biscuits, Cosmic Insight
Resolve: Overgrowth, Second Wind
AD, Armor, MR",Doran's Shield > Null Magic Mantle > Radiant Virtue > Gargoyle If 2 AP Or Force of Nature > Radiant Virtue if they have 3 AP  ,Easy,Dont let her poke you a lot and combo her
Nilah,Skill | W > E > Q,"Resolve: Grasp, Demolish, Second Wind, Overgrowth
Inspiration: Biscuits, Magical Footwear
Attack Speed, Double Armor",Doran's Shield > Bamis Cinder > Wardens Mail > Radiant Virtue > Finish Randuins when she builds Crit,Medium,Dont fight in extended trade vs her and play with jungle not really killable lane
Nocturne,Skill | W > E > Q,"Resolve: Grasp, Demolish, Second Wind, Overgrowth
Inspiration: Biscuits, Magical Footwear
Attack Speed, Double Armor",Doran's Shield > Bami's Cinder > Bramble > Sunfire > Radiant Virtue,Medium,Poke and poke and poke do not trade too many autos near wave because his heal increases the more minions he hits with his passive. He can't W your Ult Or E properly if you hit all knock up radiuses so feel free to use them next to walls.
Nunu,Win | W > E > Q,"Resolve: Grasp, Demolish, Second Wind, Unflinching
Inspiration: Biscuits, Magical Footwear
Attack Speed, MR, HP",Doran's Shield > Bami's Cinder > Null Magic Mantle > Radiant Virtue > Gargoyle if 2 AP or Force of Nature > Radiant Virtue if they have 3 AP  ,Easy,Dont stay in nunus E or R. Ping his roams
Olaf,Lose | W > E > Q | ,"Sorcery: Phase Rush, Manaflow,  Transendence, Scorch                     Resolve: Unflinching, Second Wind
Ability Haste, Double Armor",Doran's Shield > Bami's Cinder > Swifties > Executioner > Radiant Virtue ,Medium,Abuse him before lvl 6 keep trades short and let him push lvl 1.  After that its a stat check battle
Orianna,Even |  3 Points into Q > W > E > Finish Q,"Inspiration: Spellbook, Magical Footwear, Biscuits, Cosmic Insight
Resolve: Unflinching, Second Wind
1 Adaptive Force, 2 MR",Doran's Shield > Null Magic Mantle > Radiant Virtue > Gargoyle If 2 AP Or Force of Nature > Radiant Virtue if they have 3 AP  ,Easy,Dont stay on her ball she can W or Return it with E for damage.
Ornn,Better Ram Wins | W > E > Q,"Resolve: Grasp, Demolish, Second Wind, Unflinching
Inspiration: Biscuits, Magical Footwear
Attack Speed, Armor, MR",Doran's Shield > Bami's Cinder > Null Magic Mantle > Radient Virute > Gargoyle if 2 AP or Bami's Cinder > Force Of Nature > Radiant Virtue if 3 AP  ,HARDEST RAM FIGHT EVER,You can deny eachothers brittles with your unstoppable W's and you can deny their pillar with your E. You can also deny their ult brittle combos with your W. Have fun may best RAM win.
Pantheon (Spear_Shot),Lose | 3 Points into Q > W > E > Finish Maxing Q ,"Inspiration: Spellbook, Magical Footwear, Biscuits, Cosmic Insight
Resolve: Overgrowth, Second Wind
AD, Double Armor",Doran's Shield > Wardens Mail > Chain Vest > Sunfire > Radiant Virtue,Medium,Just poke with q w  dont proc the brittle and bait his E. After you bait his E look for a combo
Poppy,Lose | W > E > Q,"Resolve: Grasp, Demolish, Second Wind, Unflinching
Insipiration: Cookie, Boots
Attack Speed, 2 Armor",Doran's Shield > Bami's Cinder > (Mana Crystal if youre struggling with mana) > Wardens Mail > Sunfire > Radiant Virtue > Gargoyle ,Hard ,Only poke only poke stay away from walls if you ult her and she has w up just don't press the 2nd r and proc the brittle. Try to survive the matchup
Pyke,Win | W > E > Q,"Resolve: Grasp, Demolish, Second Wind, Overgrowth
Inspiration: Biscuits, Magical Footwear
Attack Speed, Double Armor",Doran's Shield > Bami's Cinder > Radiant Virtue,Easy,W pyke Q dont let him roam.
Qiyana,Skill |  W > E > Q | ,"Resolve: Grasp, Demolish, Second Wind, Overgrowth
Inspiration: Biscuits, Magical Footwear
Attack Speed, Double Armor",Doran's Shield > Bami's Cinder > Radiant Virtue,Medium,Poke her and trade hard with her level 1. Your W can ignore her ult and take sweeper at 6 to look where she goes in invisibility
Quinn,Win |   3 Points into Q > W > E > Finish Q,"Inspiration: Unsealed Spellbook, Magical Footwear, Biscuits, Cosmic Insight
Resolve: Overgrowth, Second Wind
1 Adaptive Force, 2 Armor",Doran's Shield > Frozen Heart > Radiant Virtue,Easy ,Farm til 6 and full combo her W her e so you don't get knock backed and you damage her if she's hitting you fight with the wave 
Rammus,Even | W > E > Q,"Resolve: Grasp, Demolish, Second Wind, Overgrowth
Inspiration: Biscuits, Magical Footwear
Attack Speed, Double MR",Bami's Cinder > Radiant Virtue,Easy,Just farm i guess. W his taunt?
Renekton,Even | W > E > Q | ,"Resolve: Grasp, Demolish, Second Wind, Unflinching
Inspiration: Biscuits, Boots
Attack Speed, Double Armor",Doran's Shield > Bamis Cinder > Bramble Vest > Sunfire > Radiant Virtue,Medium High ,Very easy matchup just outscale prefered counter pick against renekton. Do not engage with autos until level 4. Farm and play safe if he has pta hard stack armor and build your items. Save your spells until he uses all dashes. W his W and stay away when hes full fury
Rengar,Lose | W > E > Q | ,"Resolve: Grasp, Demolish, Second Wind, Overgrowth
Inspiration: Biscuits, Boots
Attack Speed, Double Armor",Doran's Shield > Bramble Vest > Bamis Cinder > Sunfire > Radiant Virtue >,Hard,Stay away from bushes just farm and poke your minions that are low because he will try to cs them. Do this over and over until he is low. Stick to walls and freeze
Riven,Skill | W > E > Q |,"Resolve: Grasp, Demolish, Second Wind, Unflinching
Inspiration: Biscuits, Magical Footwear
Attack Speed, 2 Armor",Doran's Shield > Bamis Cinder > Wardens Mail > Sunfire > Radiant Virtue,Medium,Her Level 1 is dangerous so don't be too close and just stack armor and she does nothing. Use your W on Her Q3 and space correctly. Dont engage with E when she has ult up save it as escape tool or kiting tool.
Rumble,Skill | W > E > Q | ,"Resolve: Grasp, Demolish, Second Wind, Unflinching
Inspiration: Biscuits, Magical Footwear
Attack Speed, Double MR",Doran's Shield > Null Magic Mantle > Radiant Virtue > Gargoyle If 2 AP Or Force of Nature > Radiant Virtue if they have 3 AP  ,Medium,Beat the fuck out of him and just poke him to death. Make sure to play a little safe until lvl 4 or 5 and try not to get poked out of lane. Use e to get out of his q or dodge his e. Keep an eye on his rage bar and fight him when he's at 70 he can't use that many spells then
Ryze,Skill |  3 Points into Q > W > E > Finish Q,"Inspiration: Spellbook, Magical Footwear, Biscuits, Cosmic Insight
Resolve: Overgrowth, Second Wind
1 Adaptive Force, 2 MR",Doran's Shield > Null Magic Mantle > Radiant Virtue > Gargoyle If 2 AP Or Force of Nature > Radiant Virtue if they have 3 AP  ,Hard,Short trades and farming stay in bushes if he has phase rush and distances properly you won't kill him catching him with a good q combo can snowball the lane use the bushes and farm
Samira,Skill | W > E > Q,"Inspiration: Spellbook, Magical Footwear, Biscuits, Cosmic Insight
Resolve: Overgrowth, Second Wind
Attack Speed, Double Armor",Doran's Shield > Bamis Cinder > Bramble > Sunfire > Radiant Virtue,Medium,Hold ult if she hasnt used her W. Short trades with W only.
Sejuani,Skill |  W > E > Q,"Resolve: Grasp, Demolish, Second Wind, Unflinching
Inspiration: Biscuits, Magical Footwear
Attack Speed, Armor, MR",Doran's Shield > Bami's Cinder > Aegis > Sunfire > Radiant Virtue ,Easy,W her Q. Dont let her get 4 stacks of autos on you or it stuns. E her Ult.
Seraphine,Even |  3 Points into Q > W > E > Finish Q,"Inspiration: Spellbook, Magical Footwear, Biscuits, Cosmic Insight
Resolve: Unflinching, Second Wind
AD, Double MR",Doran's Shield > Null Magic Mantle > Radiant Virtue > Gargoyle If 2 AP Or Force of Nature > Radiant Virtue if they have 3 AP  ,Medium,Survive her poke and look for plays with jgl. Dont get hit by her E twice or you get rooted. Heavy poke matchup
Sett,Skill | W > E > Q,"Resolve: Grasp, Demolish, Bone Plating, Overgrowth
Inspiration: Biscuits, Magical Footwear
Attack Speed, Double Armor",Dorans Shield > Bami's Cinder > Warden's Mail > Sunfire > Radiant Virtue,Medium,Go for short trades and sidestep his w  keep in mind your w cancels his ult its not consistent but you can do it just farm and kite him away with q e walk away combos A good sett will shield the brittle proc so just don't hit him
Shaco,Win | W > E > Q,"Resolve: Grasp, Demolish, Second Wind, Unflinching
Inspiration: Cookies, Boots
Attack Speed, MR, Armor",Doran's Shield > Radiant Virtue,Easy,Dont turn your back to him he deals extra damage. Take Sweeper.
Shen,Even | W > E > Q,"Resolve: Grasp, Demolish, Bone Plating, Unflinching
Inspiration: Cookies, Boots
Attack Speed, Armor, MR",Doran's Shield > Bamis > Sunfire > Radiant Virtue if they have AD JGL or Bamis > Radient Virtue if they have AP JGL,Medium ,Hes much stronger than you pre 5 when you w him don't auto attack because he will dodge it with his w so just walk away or e terrain so you prock your brittle
Shyvana,Skill |  W > E > Q,"Resolve: Grasp, Demolish, Second Wind, Overgrowth
Inspiration: Cookies, Boots
Attack Speed, MR, Armor",Doran's Shield > Bami's Cinder > Aegis > Sunfire > Radiant Virtue,Medium,Her Ult denies yours she gets it instantly at 6.
Singed,Skill | W > E > Q,"Resolve: Grasp, Demolish, Second Wind, Overgrowth
Inspiration: Magical Footwear, Biscuits
Attack Speed, Double MR",Doran's Shield > Force Of Nature > Radiant Virtue ,Medium,Farm and w his e thats the whole matchup if you w his e singed loses
Sion (TheBausFFS),Skill | W > E > Q,"Resolve: Grasp, Demolish, Second Wind, Unflinching
Inspiration: Cookies, Boots
Attack Speed, Armor, HP or 2 Armor for early pressure",Doran's Shield > Bamis Cinder > Wardens Mail > Sunfire > Radiant Virtue,Medium,Don't w his q walk out of it as soon as you can and punish him when he goes for cs pretty simple matchup just don't w or he will fully charge his q
Skarner,Win | W > E > Q,"Resolve: Grasp, Demolish, Second Wind, Unflinching
Inspiration: Biscuits, Magical Footwear
Attack Speed, MR, Armor",Ruby 2 Pot > Bamis Cinder > Wardens Mail > Sunfire > Radiant Virtue,Easy,Dont let him ult you under tower thats it.
Soraka,Skill |  3 Points into Q > W > E > Finish Q | ,"Inspiration: Spellbook, Magical Footwear, Biscuits, Cosmic Insight
Resolve: Unflinching, Second Wind
1 Adaptive Force, 2 MR",Doran's Shield > Null Magic Mantle > Radiant Virtue > Gargoyle If 2 AP Or Force of Nature > Radiant Virtue if they have 3 AP  ,Medium,Dodge her Q it heals her. Walk away when you Ult she can silence you and stop you. Hide in bushes to get away from her poke
Swain,Skill | 3 Points into Q > W > E > Finish Q | ,"Inspiration: Spellbook, Magical Footwear, Biscuits, Cosmic Insight
Resolve: Overgrowth, Second Wind
AD, Double MR",Doran's Shield >  Executioner > Null Magic Mantle > Radiant Virtue > Gargoyle if 2 AP Or Force of Nature > Radiant Virtue if they have 3 AP  ,Medium,Dodge his E and bully with short trades and run when he ults.
Sylas,Win | W > E > Q | ,"Resolve: Grasp, Demolish, Second Wind, Overgrowth
Inspiration: Magical Footwear, Biscuits
Attack Speed, AD, MR",Doran's Shield > Bami's Cinder > Null Magic Mantle > Radiant Virtue > Gargoyle if 2 AP or Force of Nature > Radiant Virtue if they have 3 AP  ,Easy,W his e doesn't matter that much but you can do it this matchup is just a brawl to the death. Step to the side of his Q to dodge it and always space yourself so sylas isn't in W range
Syndra,Skill |  3 Points into Q > W > E > Finish Q,"Inspiration: Unsealed Spellbook, Magical Footwear, Biscuits, Cosmic Insight
Resolve: Unflinching, Second Wind
1 Adaptive Force, 2 MR",Doran's Shield > Null Magic Mantle > Radiant Virtue > Gargoyle If 2 AP Or Force of Nature > Radiant Virtue if they have 3 AP  ,Medium,Dodge Her Q's and be wary of her E it can stop your ult and E. Poke with Q and W and punish her with Unsealed Spellbook and ganks
Tahm Kench,Skill | W > E > Q,"Resolve: Grasp, Demolish, Second Wind, Unflinching                                     Inspiration: Cookies, Boots
Attack Speed, Double MR",Doran's Shield > Bami's Cinder > Null Magic Mantle > Radiant Virtue > Gargoyle if 2 AP or Force of Nature > Radiant Virtue if they have 3 AP  ,Hard,Try to survive and fight behind minions w his w if you can't dodge or even better if you're fast enough w his ult. Short trades and poking will win you the lane
Taliyah,Even |  3 Points into Q > W > E > Finish Q,"Inspiration: Spellbook, Magical Footwear, Biscuits, Cosmic Insight
Resolve: Unflinching, Second Wind
AD, Double MR",Doran's Shield > Null Magic Mantle > Radiant Virtue > Gargoyle If 2 AP Or Force of Nature > Radiant Virtue if they have 3 AP  ,Medium,W when she presses her W knockback thing and dont dash when in her E it will stun. Look for tripple brittle combos and youre good.
Talon,Win | W > E > Q | ,"Resolve: Grasp, Demolish, Second Wind, Overgrowth
Inspiration: Biscuits, Magical Footwear
Attack Speed > Double Armor",Doran's Shield > Bami's Cinder > Frozen Heart > Radiant Virtue,Medium,HE CAN KILL YOU LEVEL 2. After that easy matchup dont let him get 3 bleeds on you and you should be ok. 
Taric,Even | W > E > Q,"Resolve: Grasp, Demolish, Second Wind, Overgrowth
Sorcery: Manaflow Band, Transcendence
Attack Speed, Armor, MR",Bami's Cinder > Radiant Virtue > Gargoyle if 2 AP Or Force of Nature > Radiant Virtue if they have 3 AP  ,Easy,Scale and farm afk lane. Side step his E and stop comboing if he uses Ult.
Teemo,Skill |  3 Points into Q > W > E > Finish Q,"Inspiration: Spellbook, Magical Footwear, Biscuits, Cosmic Insight
Resolve: Unflincing, Second Wind
AD, 2 MR",Doran's Shield > Null Magic Mantle > Radiant Virtue > Gargoyle If 2 AP Or Force of Nature > Radiant Virtue if they have 3 AP  ,Easy>medium,"Farm til 6 then combo if you catch him with a q use the bushes buy sweeper at 6 for mushrooms. Try to hit him when he's csing with your W and then follow with q and E and walk away. Really evasive matchup its all dependent on hitting your skillshots,"
Tristana,Skill |  3 Points into Q > W > E > Finish Q,"Inspiration: Spellbook, Magical Footwear, Biscuits, Cosmic Insight
Resolve: Overgrowth, Second Wind
AD, Double Armor",Doran's Shield > Wardens Mail > Radiant Virtue > Buy Randuins when she gets crit or buy Frozen Heart First,Medium,Be careful of her level 1 and 2 she is really strong early on. Play from a distance and let her engage on you then do your combos and trades. Dont fight her in an extended trade she wins it
Trundle,Skill Trundle Favoured | W > E > Q ,"Resolve: Grasp, Demolish, Bone Plating, Unflinching
Inspiration: Biscuits, Magical Footwear
Attack Speed, Double Armor",Doran's Shield > Bami's Cinder > Wardens Mail > Sunfire >  Radiant Virtue,Medium,AVOID LEVEL 1 AUTO ATTACK TRADES WITH LETHAL TEMPO. DO NOT USE E UNTIL HE USES PILLAR. BACK OFF WHEN HE USES ULT. ALWAYS KITE BACK FROM TRUNDLE EVEN IF YOU ARE HIGHER HP. 
Tryndamere,Skill | W > E > Q | ,"Resolve: Grasp, Demolish, Bone Plating, Overgrowth
Inspiration: Biscuits, Boots
Attack Speed, 2 Armor",Doran's Shield > Warden's Mail > Bami's Cinder > Randuins > Radiant Virtue,Annoying Wave Management Heavy,Don't fight lvl 1 never let him melee after you use your 1st q and you're good rush Steelcaps if you want
Twisted Fate,Even |  3 Points into Q > W > E ,"Inspiration: Spellbook, Magical Footwear, Biscuits, Cosmic Insight
Resolve: Unflinching, Second Wind
AD, Magic Resist, Armor",Doran's Shield > Null Magic Mantle > Radiant Virtue > Gargoyle If 2 AP Or Force of Nature > Radiant Virtue if they have 3 AP  ,Easy,Dont get poked level 1. Do short trades and ping his roams.
Udyr,Even | W > E > Q,"Resolve: Grasp, Demolish, Second Wind, Unflinching
Inspiration: Biscuits, Boots
Attack Speed, Armor, MR",Doran's Shield > Bami's Cinder > Null Magic Mantle > Radient > Gargoyle if 2 AP Or Force of Nature > Radient Virtue if they have 3 AP if hes also going for AD build go Bamis Cinder > Wardens Mail > Sunfire > Radiant Virtue if hes AD,Easy,He is very strong his E can deny your Combo cuz CC immune. His W shield is big you wait it out. His bird form does aoe avoid it a lot of damage. Punish when his red bar is gone (passive). Dont fight in his phoenix form.
Urgot,Win |  3 Points into Q > W > E > Finish Q,"Resolve: Grasp, Demolish, Second Wind, Overgrowth
Inspiration: Magical Footwear, Biscuits
1 Adaptive Force , 2 Armor","Doran's Shield > Warden's Mail > Thornmail > Radiant Virtue, you can Jak'Sho too if enemy doesnt have a way to kill tanks ",Medium,Short trades w his e and make sure to poke him with qs
Varus,Win |  3 Points into Q > W > E > Finish Q,"Inspiration: Spellbook, Magical Footwear, Biscuits, Cosmic Insight
Resolve: Overgrowth, Second Wind
AD, Armor, MR",Doran's Shield > Null Magic Mantle > Radiant Virtue > Gargoyle If 2 AP Or Force of Nature > Radiant Virtue if they have 3 AP  or Frozen Heart Radiant Virtue if he is AD,Medium,Dont let him auto you too much or his next ability deals bonus damage. His ult roots you so be careful when youre comboing him
Vayne,Skill |  3 Points into Q > W > E | ,"Inspiration: Unsealed Spellbook, Magical Footwear, Biscuits, Cosmic Insight
Resolve: Overgrowth, Second Wind
1 Adaptive Force , 2 Armor",Doran's Shield > Frozen Heart > Radiant Virtue,Medium High,You won't really have kill potential until lvl 6 just try to punish her by staying in bushes so she wastes a ward to auto to farm and punish her offensive qs by doing your bread and butter combo and focus her down in teamfights but using the bushes is the most important part of the lane
Veigar,Even |  3 Points into Q > W > E > Finish Q,"Inspiration: Spellbook, Magical Footwear, Biscuits, Cosmic Insight
Resolve: Unflinching, Second Wind
1 Adaptive Force, 2 MR",Doran's Shield > Null Magic Mantle > Radiant Virtue > Gargoyle If 2 AP Or Force of Nature > Radiant Virtue if they have 3 AP  ,Easy,E away when he cages and look for all ins with ULT
Vel'koz,Skill |  3 Points into Q > W > E > Finish Q,"Inspiration: Spellbook, Magical Footwear, Biscuits, Cosmic Insight
Resolve: Unflinching, Second Wind
1 Adaptive Force, 2 MR",Doran's Shield > Null Magic Mantle > Radiant Virtue > Gargoyle If 2 AP Or Force of Nature > Radiant Virtue if they have 3 AP  ,Hard,Dont get hit by his 3 part passive it will do true damage
Vex,Even |   3 Points into Q > W > E > Finish Q,"Inspiration: Spellbook, Magical Footwear, Biscuits, Cosmic Insight
Resolve: Unflinching, Second Wind
1 Adaptive Force, 2 MR",Doran's Shield > Null Magic Mantle > Radiant Virtue > Gargoyle if 2 AP or Force of Nature > Radient Virtue if 3 AP,Easy,Dodge her Q it takes very long to cast. Watch out for her fear it can cancell your E and your Ult.
Vi,Win | W > E > Q,"Resolve: Grasp, Demolish, Second Wind, Overgrowth
Inspiration: Biscuits, Boots
Attack Speed, 2 Armor",Doran's Shield > Bami's Cinder > Wardens Mail > Sunfire > Radiant Virtue,Easy,Be aware of her E poke. W her Q.
Viego,Skill | W > E > Q | ,"Resolve: Grasp, Demolish, Second Wind, Overgrowth
Inspiration: Biscuits, Magical Footwear
Attack Speed, Double Armor",Doran's Shield > Bami's Cinder > Bramble > Sunfire > Radiant Virtue,Easy,Dont let him proc his autos after he Q's. You can W his stun so that you can auto brittle after it runs out. His ult can dodge or lower the brittle damage since hes unstoppable so try to bait it out.
Viktor,Skill |  3 Points into Q > W > E > Finish Q,"Inspiration: Spellbook, Magical Footwear, Biscuits, Cosmic Insight
Resolve: Unflinching, Second Wind
1 Adaptive Force, 2 MR",Doran's Shield > Null Magic Mantle > Radiant Virtue > Gargoyle If 2 AP Or Force of Nature > Radiant Virtue if they have 3 AP  ,Medium,When he Qs wait for his shield to drop do not stay still when Ulting he will W and stop you. Play around bushes and you should be fine
Vladimir,Skill | W > E > Q ,"Resolve: Grasp, Demolish, Second Wind, Overgrowth
Inspiration: Biscuits, Magical Footwear
Attack Speed, Double Magic Resist",Doran's Shield > Executioner > Null Magic Mantle > Radiant Virtue > Gargoyle if 2 AP or Executioner > Force of Nature > Radiant Virtue if they have 3 AP  ,Medium,You have to play super aggressive and don't let him farm or scale like youre gonna be out of your comfort zone aggressive lvl 1 try to run him down with autos and Sunfire Aegis you have to never let him heal or cs safely or he will murder your team.
Volibear,Win | W > E > Q,"Resolve: Grasp, Demolish, Second Wind, Overgrowth
Inspiration: Magical Footwear, Biscuits
Attack Speed, Armor, MR",Doran's Shield > Bami's Cinder > Wardens Mail > Sunfire > Radiant Virtue,Medium,Never let him get his w off and always kite and short trades. 
Warwick,Skill | W > E > Q | ,"Inspiration: Spellbook, Magical Footwear, Biscuits, Cosmic Insight
Resolve: Overgrowth, Second Wind
Attack Speed, Armor, MR",Doran's Shield > Bramble Vest > Ruby Crystal > Aegis > Radiant Virtue,Hard ,"NEVER BE IN MELEE always kite back and make your combos short so he doesn't heal from you. He will not die to you, stop trying to get in melee for that last hit."
Wukong,Win | W > E > Q | ,"Resolve: Grasp, Demolish, Bone Plating, Overgrowth
Inspiration: Biscuits, Magical Footwear
Attack Speed, Double Armor",Doran's Shield > Bami's Cinder > Wardens Mail > Sunfire > Radiant Virtue,Medium,Avoid level 1 trades and you just win. Short trades only dont all in him at lvl 6 if you're both full he wins it Just poke and ult him at 60%
Xerath,Win |  3 Points into Q > W > E > Finish Q,"Inspiration: Spellbook, Magical Footwear, Biscuits, Cosmic Insight
Resolve: Unflinching, Second Wind
1 Adaptive Force, 2 MR",Doran's Shield > Null Magic Mantle > Radiant Virtue > Gargoyle If 2 AP Or Force of Nature > Radiant Virtue if they have 3 AP  ,Easy,This is a dodgeball matchup. Whoever dodges the poke more wins. Spam Q and be aggressive and force your ult at 6 for his cooldowns (flash).
Xin Zhao,Win |  W >  E > Q,"Resolve: Grasp, Demolish, Second Wind, Overgrowth
Inspiration: Biscuits, Magical Footwear
Attack Speed, Double Armor",Doran's Shield > Bamis Cinder > Wardens Mail > Sunfire > Radiant Virtue,Easy,W his third auto attack from his Q and poke him down
Yasuo,Skill | 3 Points Into Q > W > E > Finish Q | ,"Resolve: Grasp, Demolish, Second Wind , Overgrowth
Inspiration: Boots, Biscuits
Attack Speed, 2 Armor",Doran's Shield > Wardens > Boots > Bramble > Radiant Virtue ,Medium,His windwall completely negates your ult. Try to get prio lvl 1 and push and punish his early. Don't use your ult until he uses windwall. Stay near the walls for e CC
Yone,Skill | 3 Points Into Q > W > E > Finish Q | ,"Resolve: Grasp, Demolish, Second Wind , Overgrowth
Inspiration: Cosmic Insight, Biscuits
AD, 2 Armor",Doran's Shield > Wardens > Boots > Bramble > Radiant Virtue ,Medium,W his Q3 or QW it to win short trades. If he ults you W backwards because when he ults he appears behind you like jax Q so he gets hit by brittle. Kite away when he uses E and stick to walls for a knockup. Look to Q R E R combo if he Q3 into you after 6.
Yorick,Skill | W > E > Q,"Resolve: Grasp, Demolish, Second Wind, Overgrowth
Inspiration: Biscuits, Magical Footwear
Attack Speed, Double Armor",Doran's Shield > Bami's Cinder > 2 Cloths > Sunfire > Executioner when he gets healing items > Radiant Virtue,Medium high(annoying),Your e destroys his cage make sure to side step his skill shot very oppressive champion
Yuumi,Win |  3 Points into Q > W > E > Finish Q ,"Inspiration: Spellbook, Magical Footwear, Biscuits, Cosmic Insight
Resolve: Overgrowth, Second Wind
1 Adaptive Force, 2 MR",Doran's Shield > Null Magic Mantle > Radiant Virtue > Gargoyle If 2 AP Or Force of Nature > Radiant Virtue if they have 3 AP  ,Easy,Bruh get some bitches how you lose to yummi 
Zac,Win | W > E > Q | ,"Resolve: Grasp, Demolish, Second Wind, Overgrowth
Sorcery: Manaflow Band, Transcendence
Attack Speed, Double MR",Doran's Shield > Bami's Cinder > Executioner > Null Magic Mantle > Radiant Virtue > Gargoyle if 2 AP Or Bamis Cinder > Executioner > Force of Nature > Radiant Virtue if they have 3 AP  ,Easy,W his Q or E and play with poke youre stronger than him 99% of the time if you play your combos right.
Zed,Win |  3 Points into Q > W > E > Finish Q | ,"Resolve: Grasp, Demolish, Second Wind, Overgrowth
Inspiration: Biscuits, Magical Footwear
AD > Double Armor",Doran's Shield > Bami's Cinder > Wardens Mail > Sunfire > Radiant Virtue,Medium,"Be wary of his level 3 damage. Side step his Q,s and his level 6 All in. Dash instantly away after he ults you and create distance. If you ult him know that he is gonna try to go to one of his shadows so predict that"
Zeri,Skill |  3 Points into Q > W > E > Finish Q,"Inspiration: Spellbook, Magical Footwear, Biscuits, Cosmic Insight
Resolve: Overgrowth, Second Wind
AD, Armor, HP",Doran's Shield > Anathema > Radiant Virtue,Hard,Poke her with Q and play around her dash to try and combo her. You don't really have kill potential so just scale and walk away when her energy bar thing is charged up because it will do magic damage. Take Armor and HP in runes and build HP she does mixed damage so HP is the best way to counter her. And frozen heart works really well too. Don't Chase her when she ults or in general keep trades short with Q and Peel Back.
Ziggs,Even |  3 Points into Q > W > E > Finish Q,"Inspiration: Spellbook, Magical Footwear, Biscuits, Cosmic Insight
Resolve: Overgrowth, Second Wind
1 Adaptive Force, 2 MR",Doran's Shield > Null Magic Mantle > Radiant Virtue > Gargoyle If 2 AP Or Force of Nature > Radiant Virtue if they have 3 AP  ,Medium,Just farm and poke dont get hit by his Q on minions. Your W denies his W knockback
Zilean,Even |   3 Points into Q > W > E > Finish Q,"Inspiration: Spellbook, Magical Footwear, Biscuits, Cosmic Insight
Resolve: Unflinching, Second Wind
1 Adaptive Force, 2 MR",Doran's Shield > Null Magic Mantle > Radiant Virtue > Gargoyle If 2 AP Or Force of Nature > Radiant Virtue if they have 3 AP  ,Medium,Just Farm and poke with Q and dont stay near minions he will double bomb them and stun you. Walk into him when he Q's he will assume youre running away so you run into him to dodge the bombs.
Zoe,Skill |  3 Points into Q > W > E > Finish Q,"Inspiration: Spellbook, Magical Footwear, Biscuits, Cosmic Insight
Resolve: Overgrowth, Second Wind
1 Adaptive Force, 2 MR",Doran's Shield > Null Magic Mantle > Radiant Virtue > Gargoyle If 2 AP Or Force of Nature > Radiant Virtue if they have 3 AP  ,Easy,YOUR W STOPS DROWSY. Right when its at the end of the drowsy duration you press W and it doesnt work. Stay behind minions and poke from there.